,humidity,gas,temperature
0,2.066666666666667,2.2,2.15
1,3.1,4.066666666666666,4.075
2,4.133333333333334,3.125,3.1
